{
  "IcoMoonType": "selection",
  "icons": [
    {
      "icon": {
        "paths": [
          "M1013.709 264.448l-121.6-93.696c-6.912-4.762-16.589-9.011-26.675-12.134-10.138-3.123-20.634-5.018-29.030-5.018h-350.003l41.011 256h308.992c8.397 0 18.893-1.894 28.979-5.018s19.814-7.424 26.675-12.083l121.6-93.798c6.912-4.659 10.342-10.854 10.342-17.101s-3.43-12.442-10.291-17.152zM435.2 51.2h-51.2c-14.131 0-25.6 11.469-25.6 25.6v179.2h-170.803c-8.499 0-18.944 1.894-29.030 5.069-10.138 3.072-19.814 7.322-26.675 12.083l-121.6 93.696c-6.912 4.659-10.291 10.906-10.291 17.152 0 6.195 3.379 12.39 10.291 17.152l121.6 93.798c6.861 4.659 16.538 8.96 26.675 12.032 10.086 3.123 20.531 5.018 29.030 5.018h170.803v435.2c0 14.131 11.469 25.6 25.6 25.6h51.2c14.131 0 25.6-11.469 25.6-25.6v-870.4c0-14.131-11.469-25.6-25.6-25.6z"
        ],
        "attrs": [],
        "isMulticolor": false,
        "isMulticolor2": false,
        "tags": [
          "address"
        ],
        "grid": 20
      },
      "attrs": [],
      "properties": {
        "id": 89,
        "order": 6,
        "prevSize": 20,
        "name": "address"
      },
      "setIdx": 0,
      "setId": 2,
      "iconIdx": 88
    },
    {
      "icon": {
        "paths": [
          "M1024 102.4v819.2h-1007.616c-16.282 0-21.299-10.701-11.059-23.808l228.813-294.298c10.189-13.107 28.314-14.49 40.397-3.174l72.653 68.301c12.032 11.315 29.286 9.114 38.246-4.915l156.006-242.688c8.96-13.978 26.061-15.974 37.939-4.608l111.155 107.315c11.878 11.52 28.621 9.216 37.069-5.12l262.81-398.592c8.499-14.438 20.787-17.613 33.587-17.613z"
        ],
        "attrs": [],
        "isMulticolor": false,
        "isMulticolor2": false,
        "tags": [
          "area-graph"
        ],
        "grid": 20
      },
      "attrs": [],
      "properties": {
        "id": 102,
        "order": 3,
        "prevSize": 20,
        "name": "area-graph"
      },
      "setIdx": 0,
      "setId": 2,
      "iconIdx": 101
    },
    {
      "icon": {
        "paths": [
          "M563.2 857.856v114.944h-102.4v-109.722c-87.654-5.12-156.979-30.157-217.139-92.006l87.962-89.088c43.981 44.544 103.578 59.392 168.038 59.392 80.128 0 123.136-30.669 123.136-87.142 0-24.73-6.81-45.517-21.504-59.392-13.67-12.851-29.286-19.814-61.542-24.73l-84.070-11.878c-59.597-8.909-103.526-27.699-134.861-58.419-33.178-33.638-49.818-79.155-49.818-138.598 0-110.336 70.758-191.642 189.798-209.92v-100.096h102.4v98.918c70.758 7.424 126.208 31.744 174.848 79.411l-85.965 86.118c-43.981-42.598-96.717-48.486-142.694-48.486-72.294 0-107.469 40.55-107.469 89.088 0 17.818 5.888 36.659 20.531 50.483 13.67 12.902 36.147 23.757 64.512 27.699l82.022 11.878c63.539 8.909 103.578 26.726 132.915 54.426 37.171 35.635 53.76 87.142 53.76 149.504 0 115.2-80.23 187.494-192.461 207.616z"
        ],
        "attrs": [],
        "isMulticolor": false,
        "isMulticolor2": false,
        "tags": [
          "credit"
        ],
        "grid": 20
      },
      "attrs": [],
      "properties": {
        "id": 141,
        "order": 4,
        "prevSize": 20,
        "name": "credit"
      },
      "setIdx": 0,
      "setId": 2,
      "iconIdx": 140
    },
    {
      "icon": {
        "paths": [
          "M819.2 512c0 28.314-2.458 51.2-30.771 51.2h-225.229v225.229c0 28.262-22.886 30.771-51.2 30.771s-51.2-2.509-51.2-30.771v-225.229h-225.229c-28.262 0-30.771-22.886-30.771-51.2s2.509-51.2 30.771-51.2h225.229v-225.229c0-28.314 22.886-30.771 51.2-30.771s51.2 2.458 51.2 30.771v225.229h225.229c28.314 0 30.771 22.886 30.771 51.2z"
        ],
        "attrs": [],
        "isMulticolor": false,
        "isMulticolor2": false,
        "tags": [
          "plus"
        ],
        "grid": 20
      },
      "attrs": [],
      "properties": {
        "id": 248,
        "order": 5,
        "prevSize": 20,
        "name": "plus"
      },
      "setIdx": 0,
      "setId": 2,
      "iconIdx": 247
    }
  ],
  "height": 1024,
  "preferences": {
    "showGlyphs": true,
    "showQuickUse": true,
    "showQuickUse2": true,
    "showSVGs": true,
    "fontPref": {
      "prefix": "icon-",
      "metadata": {
        "fontFamily": "icomoon"
      },
      "metrics": {
        "emSize": 1024,
        "baseline": 6.25,
        "whitespace": 50
      },
      "embed": false
    },
    "imagePref": {
      "prefix": "icon-",
      "png": false,
      "useClassSelector": true,
      "color": 0,
      "bgColor": 16777215,
      "classSelector": ".icon",
      "name": "icomoon",
      "height": 32,
      "columns": 16,
      "margin": 16
    },
    "historySize": 50,
    "showCodes": true,
    "gridSize": 16
  }
}